temp,dew_point,feels_like,temp_min,temp_max,pressure,humidity,wind_speed,wind_deg,clouds_all,Product,Unit_Price,Discount,Total_Price,Quantity
279.86,276.66,276.41,279.19,280.11,1005,80,5.5,206,62,0,129.41,0.1,3028.19,26
278.78,278.78,275.94,278.27,279.0,1009,100,3.72,208,100,1,285.32,0.1,11812.25,46
282.46,282.46,278.98,282.11,283.86,990,100,7.8,235,76,2,198.42,0.1,6071.65,34
281.54,279.17,278.21,280.67,282.02,993,85,6.42,242,99,1,151.65,0.1,11601.22,85
278.09,278.09,276.08,277.49,278.64,1006,100,2.38,212,100,1,191.83,0.05,17494.9,96
277.7,276.51,275.78,275.91,278.44,1004,92,2.21,218,34,1,296.01,0.1,25308.86,95
273.55,273.55,269.57,273.22,275.11,1015,100,3.7,56,100,3,198.52,0.05,17727.84,94
270.78,269.66,265.58,269.86,271.05,1027,91,4.53,36,93,1,165.75,0.05,5668.65,36
263.85,262.15,256.85,263.27,264.94,1036,86,5.14,74,100,4,226.68,0.05,14212.84,66
264.23,262.13,258.72,262.86,264.34,1034,83,3.19,82,4,0,148.03,0.05,5625.14,40
263.64,262.2,260.07,262.86,264.26,1033,88,1.74,41,0,5,115.17,0.0,1727.55,15
271.82,271.45,269.73,270.5,273.04,1033,97,1.59,314,93,6,125.78,0.0,6163.22,49
272.55,272.55,268.3,272.11,274.0,1028,100,3.76,261,100,1,125.61,0.1,2374.03,21
273.48,273.48,268.14,273.22,274.56,1014,100,5.95,252,100,2,130.38,0.0,8083.56,62
272.47,270.52,266.69,271.93,273.44,1001,85,6.3,249,97,1,127.77,0.0,10221.6,80
273.08,272.46,267.46,272.67,274.16,1005,95,6.31,271,68,2,228.17,0.1,3901.71,19
268.88,267.38,264.35,268.27,269.25,1006,88,3.17,191,63,4,136.38,0.1,6628.07,54
271.51,271.51,271.51,270.91,272.53,991,100,1.31,324,100,2,169.13,0.1,3957.64,26
269.32,269.32,266.0,268.86,270.31,1013,100,2.17,259,69,6,279.36,0.0,9777.6,35
269.34,269.22,263.43,268.6,269.34,1027,99,5.06,240,65,0,194.79,0.0,18310.26,94
265.45,262.78,260.53,265.45,266.86,1031,79,2.89,195,68,2,233.51,0.1,14921.29,71
276.35,276.21,271.04,275.27,277.86,1019,99,7.83,212,100,2,134.46,0.05,7025.54,55
279.82,276.97,276.17,279.56,280.82,1016,82,6.0,242,80,0,138.46,0.1,9096.82,73
279.68,279.68,275.39,279.34,280.67,1018,100,7.75,223,100,6,108.17,0.05,1130.38,11
280.13,277.45,276.47,279.86,281.22,1024,83,6.24,269,99,1,133.79,0.05,8007.33,63
278.08,278.08,276.73,277.02,279.75,1027,100,1.73,211,100,2,155.72,0.1,10370.95,74
276.74,274.13,272.62,276.56,277.33,1032,83,5.21,278,55,0,135.4,0.1,7311.6,60
273.39,271.68,271.34,272.71,274.75,1037,87,1.72,185,81,4,117.74,0.1,6569.89,62
279.86,273.96,277.57,277.49,279.86,1031,66,3.21,181,1,0,124.13,0.0,5585.85,45
277.8,274.82,275.39,276.6,279.0,1031,81,2.8,205,91,4,192.16,0.05,6389.32,35
280.73,280.29,278.81,279.71,281.47,1032,97,2.91,259,81,6,141.27,0.0,5368.26,38
277.6,276.11,273.42,277.11,279.19,1026,90,5.84,248,100,1,172.85,0.0,5185.5,30
275.16,273.85,271.75,274.16,276.42,1032,91,3.4,256,99,0,200.68,0.1,3612.24,20
281.51,278.8,278.15,280.49,281.86,1024,83,6.48,259,100,5,238.08,0.0,11665.92,49
281.94,280.06,278.92,281.05,282.02,1022,88,5.83,256,97,5,107.86,0.1,1941.48,20
282.97,280.91,279.44,282.16,283.28,1016,87,8.59,253,100,3,259.88,0.05,11109.87,45
279.79,279.2,275.76,279.34,281.22,1015,96,7.04,247,100,2,225.58,0.1,13805.5,68
282.61,279.16,278.87,281.93,282.89,1005,79,9.0,238,100,6,116.35,0.0,5584.8,48
274.56,273.99,272.64,274.0,274.86,1005,96,1.76,150,100,0,274.72,0.0,17307.36,63
280.22,280.22,278.82,278.86,282.53,993,100,2.12,192,100,5,284.17,0.1,16368.19,64
282.69,282.69,281.08,282.49,283.44,990,100,3.05,197,100,2,112.22,0.1,3332.93,33
281.38,281.38,280.19,280.86,281.56,989,100,2.1,87,99,5,155.38,0.0,4816.78,31
280.21,280.21,278.2,279.39,281.38,997,100,2.9,234,98,0,261.24,0.05,19357.88,78
277.59,277.59,275.15,276.61,278.64,1014,100,2.79,257,18,4,249.65,0.05,15415.89,65
278.12,276.46,275.08,277.58,279.19,1020,89,3.81,206,86,0,136.9,0.1,5174.82,42
282.77,282.77,280.62,282.16,283.6,1019,100,4.15,226,100,3,141.87,0.05,6064.94,45
282.85,282.09,281.29,280.36,284.94,1015,95,3.02,166,38,0,174.09,0.0,5048.61,29
283.84,283.84,283.58,283.44,284.25,1022,100,3.09,301,97,0,196.9,0.1,16303.32,92
280.68,280.53,280.68,280.45,281.78,1034,99,1.05,205,48,3,223.65,0.0,20128.5,90
280.99,280.99,277.14,280.45,282.58,1019,100,7.55,254,99,6,173.78,0.0,12338.38,71
280.24,280.24,277.69,279.89,281.38,1024,100,3.79,273,96,0,192.51,0.05,14996.53,82
280.2,279.15,277.46,279.89,280.91,1024,93,4.13,238,100,3,249.49,0.1,7858.94,35
281.01,278.82,277.7,280.11,281.93,1005,86,5.94,208,100,2,107.34,0.1,7245.45,75
281.95,278.69,278.43,281.56,283.28,988,80,7.39,233,95,4,150.49,0.05,11723.17,82
276.53,274.25,274.52,275.86,276.86,999,85,2.1,166,32,4,242.67,0.0,19898.94,82
277.0,273.87,274.5,275.86,277.11,1008,80,2.72,189,87,0,279.04,0.0,13672.96,49
273.84,272.21,271.22,273.13,275.86,1003,88,2.24,85,99,6,202.34,0.0,5260.84,26
279.56,278.67,277.06,278.69,279.89,1013,94,3.45,42,100,6,206.42,0.0,2064.2,10
277.47,276.89,277.47,276.05,278.04,1020,96,1.27,352,50,2,121.43,0.1,10710.13,98
274.34,271.79,271.84,273.82,274.86,1021,82,2.21,173,68,0,189.48,0.1,11937.24,70
277.16,274.71,275.01,276.42,277.71,1008,84,2.36,172,0,4,206.52,0.05,10202.09,52
280.55,279.02,279.3,279.25,281.0,1006,90,2.01,171,99,6,148.49,0.05,7194.34,51
278.88,276.72,277.13,276.93,279.34,1004,86,2.25,107,22,0,153.85,0.1,4707.81,34
279.59,277.91,278.35,277.53,279.89,1005,89,1.85,41,24,5,175.46,0.1,7579.87,48
280.74,280.74,280.74,279.86,281.0,1013,100,1.0,320,100,6,104.01,0.0,4576.44,44
277.63,277.63,275.2,277.33,278.08,1019,100,2.78,83,100,3,164.42,0.0,1973.04,12
275.95,274.48,274.07,274.38,277.16,1027,90,1.9,59,94,5,142.29,0.05,7164.3,53
273.68,270.93,269.83,271.93,274.34,1023,80,3.57,88,22,6,165.5,0.1,8937.0,60
274.67,272.79,270.88,272.49,275.45,1011,87,3.78,103,0,4,123.95,0.05,2472.8,21
276.91,273.96,274.17,275.49,278.08,1003,81,2.99,85,99,1,278.11,0.1,7008.37,28
279.25,278.36,278.17,277.16,279.89,999,94,1.65,84,100,5,218.72,0.0,11592.16,53
278.72,276.23,276.35,275.86,279.56,1011,84,2.98,217,1,2,235.82,0.05,15233.97,68
278.5,277.46,276.77,276.38,279.86,1017,93,2.16,188,36,2,257.83,0.05,14206.43,58
282.22,282.22,281.52,281.61,283.08,1017,100,1.71,218,100,4,199.69,0.1,12580.47,70
282.82,281.74,281.57,282.16,284.0,1011,93,2.52,201,82,6,117.38,0.0,3051.88,26
282.2,282.2,280.33,282.02,283.08,1012,100,3.32,230,33,0,207.42,0.05,16355.07,83
276.55,274.27,274.78,275.86,277.16,1025,85,1.89,256,52,6,217.37,0.0,14346.42,66
277.92,274.05,275.96,276.6,278.6,1021,76,2.3,108,94,4,249.09,0.05,15144.67,64
278.4,275.24,276.78,277.16,279.56,1020,80,2.03,116,96,2,186.33,0.0,10434.48,56
280.38,277.17,279.23,279.38,280.45,1021,80,1.88,157,83,6,125.52,0.1,2372.33,21
283.29,280.54,282.53,282.71,284.56,1019,83,2.23,220,97,2,156.76,0.05,10573.46,71
279.06,277.71,277.67,277.02,281.05,1023,91,1.91,227,97,5,172.62,0.05,14595.02,89
281.76,280.54,281.76,281.6,281.97,1010,92,1.29,305,100,0,229.18,0.0,22230.46,97
275.46,275.32,271.66,274.86,276.05,1008,99,4.07,230,51,5,214.16,0.0,19702.72,92
277.41,277.41,273.11,277.11,278.13,1004,100,5.99,273,99,2,171.22,0.05,2765.2,17
272.69,271.55,269.24,271.93,273.86,1004,91,2.84,100,98,2,297.3,0.1,8027.1,30
278.75,273.91,276.87,277.49,279.86,990,71,2.37,116,85,1,221.15,0.0,19903.5,90
280.62,280.62,277.61,279.71,281.86,987,100,4.92,271,100,1,147.45,0.0,14155.2,96
279.57,277.24,276.68,279.16,280.86,999,85,4.14,217,1,5,120.36,0.0,10712.04,89
282.2,281.6,281.11,280.36,282.89,1000,96,2.15,132,98,3,130.57,0.05,9799.28,79
281.95,279.91,280.9,281.38,282.89,1000,87,2.05,295,86,5,149.19,0.05,11480.17,81
281.83,280.6,280.84,280.82,283.86,995,92,1.96,100,99,1,132.14,0.05,4268.12,34
281.3,281.3,278.84,280.86,282.02,1003,100,4.07,237,91,2,137.31,0.05,11870.45,91
281.96,281.36,279.44,281.56,283.13,1009,96,4.54,246,74,4,157.02,0.1,13849.16,98
283.49,283.49,283.19,283.22,284.71,1009,100,3.59,237,94,5,134.67,0.1,2545.26,21
283.07,283.07,281.1,282.67,284.0,1013,100,3.89,227,0,2,279.35,0.05,6369.18,24
288.24,286.09,288.08,287.67,289.8,1015,87,3.96,237,100,4,116.05,0.1,7102.26,68
291.0,283.63,290.46,291.0,292.86,1013,62,3.17,179,100,4,204.9,0.0,7171.5,35
290.68,285.79,290.39,288.82,291.86,1012,73,2.1,142,99,1,182.08,0.0,6372.8,35
291.26,283.87,290.75,288.13,293.08,1006,62,2.92,133,93,5,296.48,0.0,16602.88,56
282.54,279.63,280.31,282.11,283.69,1021,82,4.2,248,100,6,122.41,0.05,4767.87,41
280.32,276.19,278.87,277.86,280.67,1032,75,2.2,196,13,0,179.57,0.0,3411.83,19
285.14,278.99,284.12,283.04,285.45,1033,66,1.48,221,94,1,293.89,0.1,6612.52,25
285.95,285.01,285.74,284.86,287.16,1029,94,2.9,243,100,1,273.1,0.05,20755.6,80
290.13,286.47,289.95,289.34,292.02,1019,79,4.33,242,95,6,263.41,0.1,6163.79,26
283.54,279.87,282.67,282.86,284.16,1016,78,1.37,325,100,0,151.58,0.0,4850.56,32
277.45,276.42,273.14,277.11,278.6,1004,93,6.03,238,18,2,134.18,0.0,4696.3,35
278.24,278.24,276.25,277.86,279.16,1007,100,2.39,301,100,3,233.73,0.0,21970.62,94
277.97,277.39,277.97,277.16,278.22,1013,96,1.21,348,98,5,285.88,0.05,25800.67,95
277.59,274.62,274.95,276.61,278.44,1016,81,3.04,245,100,3,211.35,0.1,3043.44,16
277.95,277.95,273.63,277.67,278.86,1008,100,6.41,311,100,2,214.32,0.05,4682.89,23
276.56,275.54,276.56,275.49,277.02,1019,93,1.2,114,98,1,156.0,0.05,13041.6,88
273.38,271.94,270.77,272.89,274.86,1025,89,2.16,21,45,0,253.9,0.0,4062.4,16
271.56,270.43,269.67,271.38,271.97,1023,91,1.45,60,4,1,137.41,0.05,2349.71,18
274.81,272.05,272.0,274.39,274.94,1012,81,2.6,219,67,4,164.74,0.05,8920.67,57
276.82,276.82,273.58,276.56,278.04,1006,100,3.67,254,83,1,185.09,0.0,14992.29,81
278.09,275.62,275.87,276.38,278.22,1006,84,2.63,185,99,1,201.52,0.05,13018.19,68
279.89,275.96,278.29,279.19,279.94,1009,76,2.28,195,0,2,148.48,0.0,14254.08,96
283.86,280.37,283.05,281.38,284.94,1009,79,2.69,121,90,2,122.97,0.0,11190.27,91
285.69,281.96,285.04,284.56,286.42,1019,78,2.63,241,76,2,222.12,0.0,10661.76,48
283.93,281.51,283.28,283.69,285.86,1020,85,2.2,88,8,3,157.73,0.0,4258.71,27
288.09,285.23,287.81,285.82,288.86,1011,83,2.15,90,35,4,216.25,0.05,13969.75,68
287.52,284.85,287.21,287.02,288.08,1003,84,3.26,96,56,2,130.87,0.0,3402.62,26
287.39,286.44,287.32,286.6,287.67,1003,94,2.44,180,37,0,196.23,0.0,4513.29,23
283.85,283.85,283.59,283.44,284.39,1017,100,1.14,255,100,3,206.52,0.05,7847.76,40
286.44,284.32,286.1,285.49,286.56,1010,87,3.67,150,97,6,110.36,0.05,3459.79,33
283.25,281.02,282.56,282.89,284.75,1010,86,0.67,1,100,0,167.32,0.1,10390.57,69
285.86,285.86,285.8,284.94,286.0,1012,100,2.54,55,100,5,126.88,0.05,6508.94,54
282.08,280.53,281.61,281.78,282.86,1023,90,1.47,24,100,5,112.67,0.05,1284.44,12
281.47,280.09,280.93,280.27,282.16,1028,91,1.46,271,65,0,297.99,0.1,12336.79,46
284.19,279.74,283.28,282.58,284.89,1024,74,0.45,41,90,2,164.47,0.05,8124.82,52
283.35,280.94,282.65,282.58,284.56,1023,85,0.86,341,54,6,261.97,0.05,12194.7,49
284.39,282.14,283.82,283.82,285.86,1022,86,2.43,75,14,6,150.93,0.05,14194.97,99
284.31,282.23,283.75,284.25,287.53,1017,87,2.63,111,8,3,236.3,0.05,14367.04,64
285.82,282.28,285.21,285.36,287.86,1012,79,2.69,115,0,6,252.05,0.1,21777.12,96
287.55,281.51,286.8,287.16,287.86,1009,67,3.89,101,0,5,219.13,0.05,9992.33,48
288.57,281.8,287.84,287.49,289.94,1007,64,4.19,98,91,4,194.32,0.05,4430.5,24
286.12,285.18,285.93,284.0,287.11,1006,94,3.75,76,67,2,182.37,0.1,2133.73,13
284.48,283.23,284.07,283.08,285.5,1009,92,1.55,73,49,6,169.77,0.0,16128.15,95
286.71,286.71,286.73,284.94,287.11,1010,100,0.64,335,93,3,285.91,0.1,8748.85,34
285.47,285.47,285.37,283.86,286.0,1010,100,1.6,272,68,5,266.12,0.0,5854.64,22
286.51,284.04,286.12,284.71,287.11,1011,85,2.12,69,74,4,293.01,0.1,23997.52,91
288.07,288.07,288.23,287.67,289.39,1005,100,1.31,153,100,1,124.86,0.1,4719.71,42
285.21,285.21,285.08,284.16,286.42,1013,100,1.95,246,14,1,246.17,0.05,5846.54,25
285.13,284.2,284.84,284.56,286.97,1017,94,1.27,22,100,4,287.67,0.0,14671.17,51
286.17,286.17,286.14,284.94,286.86,1017,100,0.9,127,63,5,136.25,0.05,9707.81,75
286.57,285.62,286.42,285.49,286.86,1018,94,1.22,213,57,3,113.3,0.0,7251.2,64
289.16,288.03,289.24,287.71,289.34,1017,93,2.14,210,99,4,248.22,0.1,11393.3,51
287.18,287.18,287.25,286.38,288.08,1016,100,1.59,254,90,2,214.89,0.1,8316.24,43
286.44,282.3,285.81,285.36,287.89,1017,76,2.74,183,100,2,268.37,0.0,10466.43,39
287.13,286.98,287.17,286.86,288.04,1008,99,2.07,205,89,1,127.95,0.05,2674.16,22
286.13,286.13,286.09,285.82,286.86,1007,100,2.37,288,66,6,259.05,0.05,5414.14,22
287.66,287.66,287.78,286.93,287.89,1011,100,2.42,314,68,3,140.33,0.05,3599.46,27
289.29,289.29,289.57,288.04,289.38,1015,100,3.17,322,54,1,132.73,0.05,5169.83,41
286.66,286.66,286.68,286.05,287.02,1019,100,3.25,317,77,6,132.85,0.1,5739.12,48
283.04,281.48,282.51,281.6,283.86,1018,90,1.66,279,72,6,262.91,0.1,13014.05,55
287.19,283.98,286.76,285.27,287.67,1010,81,2.74,207,29,2,233.04,0.1,7969.97,38
285.24,285.24,285.12,283.82,285.86,1017,100,2.47,262,9,5,204.61,0.1,13074.58,71
285.06,282.09,284.45,283.44,285.86,1017,82,1.88,334,10,0,171.77,0.1,10976.1,71
284.02,281.07,283.3,283.04,285.11,1016,82,1.04,164,11,5,275.44,0.05,17270.09,66
288.15,283.15,287.59,285.49,288.22,1011,72,1.96,313,14,0,178.49,0.05,4239.14,25
284.04,279.98,283.17,281.78,284.34,1009,76,1.79,331,4,4,263.32,0.05,16260.01,65
283.12,281.06,280.07,282.67,284.25,1008,87,6.93,245,100,2,187.83,0.05,3390.33,19
280.3,278.93,278.85,279.16,282.16,1018,91,2.19,272,25,6,175.39,0.1,6156.19,39
282.39,280.17,281.32,281.66,283.86,1019,86,2.17,280,83,3,192.54,0.1,5891.72,34
284.91,279.63,283.97,283.04,285.45,1015,70,1.93,150,100,0,160.28,0.1,13415.44,93
288.59,286.79,288.51,287.86,289.19,1007,89,3.88,166,98,5,249.52,0.0,3493.28,14
285.08,279.58,284.13,283.04,287.16,1010,69,2.32,194,2,6,200.54,0.05,14097.96,74
289.46,285.03,289.1,289.34,289.86,1011,75,2.12,217,79,0,146.44,0.05,8068.84,58
288.33,286.36,288.2,286.93,289.19,1016,88,2.01,246,11,0,279.91,0.1,3023.03,12
290.72,290.72,291.14,290.45,291.97,1013,100,1.78,310,100,0,176.78,0.05,9068.81,54
284.74,284.74,284.57,283.27,284.89,1023,100,0.32,321,94,3,208.71,0.05,4560.31,23
290.45,290.45,290.85,290.36,290.86,1017,100,1.53,128,83,2,281.29,0.1,9873.28,39
291.42,291.42,291.91,290.67,291.56,1011,100,3.87,259,99,3,224.85,0.0,17313.45,77
290.01,287.11,289.92,289.86,290.31,1016,83,1.93,291,100,1,123.38,0.0,3331.26,27
287.83,286.55,287.76,286.93,288.86,1021,92,0.5,23,32,6,287.97,0.0,20445.87,71
288.98,284.76,288.6,286.38,289.89,1019,76,2.53,66,0,2,225.54,0.1,9337.36,46
290.67,287.18,290.57,289.8,291.0,1014,80,2.28,70,0,2,166.98,0.05,5393.45,34
292.72,290.86,293.06,291.38,293.44,1010,89,2.38,99,83,2,127.85,0.1,6558.7,57
293.65,293.65,294.37,292.86,294.38,1011,100,1.99,205,58,5,258.81,0.1,17236.75,74
289.05,284.43,288.63,287.02,289.89,1018,74,1.38,55,6,2,224.01,0.05,13194.19,62
294.75,291.74,295.13,294.56,295.86,1005,83,2.25,200,100,3,206.69,0.0,18188.72,88
286.15,285.84,286.06,285.49,287.02,1016,98,2.55,261,34,2,278.78,0.0,22859.96,82
284.58,284.58,284.39,284.0,285.86,1013,100,2.5,290,57,4,257.72,0.1,5566.75,24
284.58,284.58,284.39,284.16,285.86,1010,100,3.4,232,87,6,130.33,0.0,7559.14,58
285.72,284.13,285.38,285.36,287.53,1012,90,2.11,236,78,2,162.34,0.1,14172.28,97
289.64,287.11,289.56,288.13,289.91,1009,85,2.43,199,27,6,149.7,0.1,10374.21,77
287.01,286.22,286.93,285.86,288.08,1011,95,2.3,244,99,4,248.79,0.05,4963.36,21
286.86,282.32,286.22,285.91,287.86,1017,74,2.23,165,24,4,106.71,0.05,6893.47,68
290.4,285.31,290.06,289.75,290.67,1019,72,1.96,75,70,6,213.98,0.05,9350.93,46
293.68,291.44,294.06,293.13,296.97,1014,87,2.05,150,63,0,252.49,0.1,15906.87,70
293.68,293.35,294.35,292.49,293.78,1017,98,2.17,217,82,1,275.35,0.05,13602.29,52
291.25,290.27,291.57,291.22,292.53,1016,94,2.08,104,58,5,168.42,0.0,13305.18,79
288.69,285.63,288.44,286.78,289.38,1012,82,4.39,276,100,0,264.25,0.0,12684.0,48
287.24,285.46,287.03,285.67,288.13,1014,89,1.35,230,10,0,122.13,0.1,7144.6,65
288.61,284.4,288.2,287.71,289.75,1014,76,1.24,238,21,3,269.29,0.1,17449.99,72
292.94,291.78,293.4,292.67,293.86,1011,93,2.33,218,100,5,125.5,0.05,6557.38,55
289.21,288.08,289.3,288.69,290.27,1017,93,3.24,220,6,5,179.46,0.1,15666.86,97
288.73,286.4,288.59,286.93,289.34,1024,86,0.48,16,11,0,259.46,0.1,4670.28,20
289.33,287.34,289.3,288.44,291.42,1023,88,2.45,69,0,2,129.98,0.0,9228.58,71
292.42,287.47,292.31,290.27,293.22,1016,73,2.35,86,21,3,145.85,0.0,12543.1,86
295.09,289.82,295.22,292.86,295.45,1008,72,1.67,159,24,3,244.45,0.05,7895.73,34
294.13,293.8,294.84,292.86,294.34,1012,98,2.44,259,42,4,244.01,0.1,17568.72,80
292.03,287.51,291.93,291.78,292.86,1019,75,1.2,146,89,5,228.23,0.1,12529.83,61
289.35,289.35,289.64,288.44,290.31,1017,100,3.17,294,68,0,238.79,0.0,3104.27,13
287.56,285.6,287.35,285.67,288.22,1019,88,1.62,269,2,4,208.54,0.1,12762.65,68
291.29,286.79,291.12,289.86,291.78,1013,75,2.01,157,76,6,150.36,0.0,12179.16,81
292.18,290.85,292.54,290.91,292.67,1013,92,0.88,188,100,1,169.14,0.05,4659.81,29
292.11,292.11,292.67,291.22,292.58,1015,100,3.17,264,100,3,136.32,0.0,9815.04,72
286.93,285.98,286.82,286.38,288.86,1026,94,1.24,318,81,6,281.69,0.1,15971.82,63
288.38,286.06,288.2,288.13,289.86,1022,86,2.32,118,0,6,216.68,0.05,17085.22,83
291.2,289.18,291.36,290.27,293.08,1016,88,1.39,124,18,2,180.17,0.0,11891.22,66
292.97,291.28,293.36,291.93,293.13,1014,90,1.51,15,76,1,192.4,0.0,19047.6,99
293.71,293.71,294.43,292.86,293.78,1010,100,0.86,279,99,6,289.46,0.05,13749.35,50
291.09,290.77,291.5,289.56,292.02,1012,98,0.71,174,65,6,130.67,0.05,1489.64,12
291.13,291.13,291.59,291.0,291.47,1013,100,2.01,247,100,1,217.25,0.0,3258.75,15
289.43,287.26,289.39,288.44,290.36,1016,87,1.02,287,100,1,201.18,0.1,2534.87,14
290.0,288.0,290.04,289.19,290.86,1015,88,1.77,137,6,6,222.29,0.0,3112.06,14
291.45,288.14,291.45,289.16,292.53,1012,81,2.37,124,64,1,103.62,0.05,6201.66,63
291.99,290.49,292.31,291.86,292.53,1015,91,1.38,298,55,6,274.42,0.0,15367.52,56
289.42,287.08,289.35,287.58,290.11,1017,86,2.18,184,50,6,286.42,0.05,26121.5,96
291.68,290.53,292.02,290.27,292.11,1019,93,1.38,261,53,2,213.03,0.05,11737.95,58
289.59,287.95,289.64,288.6,291.42,1022,90,1.84,259,14,0,239.33,0.1,3877.15,18
292.2,287.88,292.15,290.27,292.67,1019,76,2.05,78,0,6,284.5,0.05,7837.98,29
294.61,289.79,294.74,292.58,295.45,1013,74,2.38,108,59,4,241.45,0.05,16056.42,70
295.97,291.93,296.34,295.11,296.86,1011,78,1.59,278,100,3,130.51,0.1,5168.2,44
294.17,294.17,294.94,292.86,294.34,1014,100,1.79,266,10,5,215.26,0.05,12065.32,59
293.01,289.46,293.14,290.27,293.78,1017,80,2.11,191,73,0,221.34,0.1,18127.75,91
293.09,287.46,292.97,291.47,293.78,1014,70,1.41,275,83,0,184.83,0.1,11810.64,71
292.95,291.96,293.44,291.86,293.13,1011,94,1.08,85,94,0,247.29,0.05,6108.06,26
289.16,289.16,289.43,287.89,289.34,1016,100,2.53,336,99,2,286.87,0.05,26435.07,97
286.95,285.67,286.79,285.82,287.86,1018,92,1.92,143,0,6,285.11,0.0,3421.32,12
291.94,291.78,292.46,291.56,292.89,1010,99,4.6,241,23,2,190.17,0.1,7017.27,41
285.75,284.32,285.44,284.71,286.97,1018,91,1.53,240,96,6,122.65,0.0,2698.3,22
290.99,284.56,290.55,289.86,291.0,1011,66,2.3,215,94,2,296.97,0.05,27647.91,98
292.62,288.08,292.58,292.33,293.64,1014,75,1.92,202,26,2,267.78,0.0,21957.96,82
293.4,293.4,294.09,292.89,294.75,1011,100,4.17,244,88,3,124.93,0.1,8657.65,77
286.41,282.08,285.75,284.8,287.11,1023,75,0.69,241,31,4,284.17,0.0,6535.91,23
285.27,282.65,284.73,284.56,286.86,1024,84,1.38,334,1,2,273.98,0.1,4931.64,20
287.58,284.73,287.25,287.58,289.19,1020,83,1.97,88,0,3,203.77,0.05,12582.8,65
292.79,288.85,292.85,289.8,293.78,1017,78,2.51,217,0,1,218.26,0.05,15758.37,76
292.27,289.87,292.48,291.22,292.86,1018,86,1.67,311,15,4,179.8,0.1,6149.16,38
290.48,289.67,290.75,289.56,291.38,1023,95,2.69,62,93,2,110.95,0.05,1897.24,18
290.69,286.21,290.46,289.56,291.0,1023,75,4.16,84,32,5,167.04,0.05,12060.29,76
291.77,288.45,291.8,291.42,292.33,1016,81,2.64,82,1,0,260.57,0.05,8416.41,34
293.75,291.51,294.14,292.53,294.0,1014,87,1.63,194,96,1,100.93,0.05,8150.1,85
292.71,290.12,292.94,291.86,293.44,1015,85,1.27,11,16,1,166.7,0.1,7651.53,51
293.39,293.39,294.08,291.86,293.78,1013,100,2.91,14,96,3,179.63,0.0,3233.34,18
295.36,286.44,295.12,293.08,295.86,1011,57,5.71,84,53,1,207.48,0.0,18258.24,88
293.62,288.62,293.63,291.38,294.34,1013,73,2.13,122,37,4,283.97,0.05,13218.8,49
295.2,288.56,295.18,292.53,295.45,1010,66,1.8,125,60,2,169.27,0.0,5755.18,34
289.0,289.0,289.25,288.08,289.8,1005,100,2.74,286,100,2,169.39,0.0,2371.46,14
287.8,287.8,287.93,287.67,288.99,1008,100,4.3,281,84,5,247.5,0.05,4702.5,20
287.29,285.33,287.06,287.11,288.04,1007,88,5.41,215,100,0,190.44,0.05,12302.42,68
281.63,280.72,280.49,280.27,282.32,1011,94,2.09,242,3,3,144.92,0.0,14057.24,97
280.55,278.86,279.81,279.0,281.0,1017,89,1.52,309,100,0,190.49,0.1,15086.81,88
283.0,281.76,280.57,282.33,284.25,1024,92,4.96,336,100,1,128.17,0.05,5722.79,47
282.57,279.3,281.01,281.78,282.86,1028,80,2.93,318,16,5,135.28,0.1,9861.91,81
285.41,283.65,285.02,284.19,285.91,1023,89,2.69,326,96,0,199.67,0.0,2795.38,14
286.85,283.84,286.42,286.42,286.86,1025,82,3.37,14,88,4,183.79,0.05,9952.23,57
287.08,285.8,286.93,286.42,287.86,1028,92,2.92,52,3,2,282.97,0.1,25212.63,99
287.31,285.7,287.13,286.42,287.58,1027,90,3.29,60,6,1,172.48,0.05,4424.11,27
286.58,284.81,286.3,284.75,287.02,1024,89,3.73,84,0,5,216.12,0.0,17073.48,79
285.48,283.72,285.09,284.16,287.86,1023,89,2.14,83,4,0,226.45,0.1,9375.03,46
286.03,283.22,285.54,284.25,286.97,1020,83,2.24,102,2,3,102.62,0.0,7080.78,69
287.71,283.92,287.26,286.77,287.89,1012,78,1.2,130,98,4,232.71,0.0,13264.47,57
288.83,288.83,289.06,288.44,289.25,1008,100,1.49,226,100,4,135.61,0.05,11079.34,86
287.06,287.06,287.12,286.56,288.13,1005,100,4.81,234,99,0,292.21,0.1,9730.59,37
288.37,287.25,288.38,287.33,289.25,1001,93,4.99,189,100,2,129.73,0.0,10118.94,78
287.86,287.39,287.92,287.32,288.69,997,97,6.58,229,16,0,182.92,0.0,15731.12,86
285.29,283.53,284.88,284.89,286.47,1006,89,5.05,266,100,1,117.07,0.1,9482.67,90
279.86,279.42,278.03,278.86,281.42,1027,97,2.56,272,6,0,299.37,0.0,14669.13,49
280.72,278.36,277.89,279.16,281.78,1024,85,4.56,111,80,4,200.44,0.0,10823.76,54
285.84,285.53,285.72,284.86,286.0,1012,98,3.66,172,87,5,219.08,0.1,13999.21,71
283.89,283.59,283.58,283.6,284.56,1008,98,0.71,134,36,0,113.42,0.1,6839.23,67
282.38,282.38,280.8,280.86,282.67,1015,100,2.89,5,100,2,249.99,0.1,17099.32,76
283.21,283.21,282.88,282.33,283.69,1019,100,3.85,14,100,5,141.98,0.1,8305.83,65
283.78,282.7,283.33,281.38,284.25,1021,93,2.22,20,99,3,279.61,0.05,13015.85,49
282.54,281.94,281.57,281.78,283.13,1017,96,2.08,106,18,6,141.03,0.1,6219.42,49
280.97,280.07,279.42,280.91,281.86,1007,94,2.46,161,33,0,138.14,0.05,11286.04,86
288.11,288.11,288.27,287.58,288.86,1004,100,2.95,174,100,2,107.31,0.05,4281.67,42
285.93,285.93,285.87,285.27,286.97,1001,100,2.98,223,100,5,194.41,0.05,2770.34,15
288.69,287.56,288.73,287.49,288.78,986,93,6.12,176,100,2,212.97,0.0,20658.09,97
283.08,282.63,282.83,281.38,283.69,1009,97,1.4,271,68,3,113.14,0.05,3009.52,28
278.17,276.35,276.47,275.91,279.0,1021,88,2.07,151,0,4,255.11,0.05,21569.55,89
284.76,284.46,284.54,284.0,284.89,1005,98,4.9,213,99,2,190.66,0.0,9342.34,49
279.92,279.92,277.39,279.86,280.86,1021,100,3.63,254,84,5,204.88,0.0,13931.84,68
279.89,278.99,279.89,279.16,280.86,1022,94,0.72,90,28,2,188.15,0.0,12794.2,68
280.64,279.43,278.07,278.64,281.22,1022,92,4.0,106,79,2,180.15,0.1,9241.7,57
284.33,282.25,283.78,283.64,284.56,1015,87,2.26,126,21,2,211.93,0.0,10596.5,50
284.41,283.95,284.12,283.69,285.67,1016,97,1.22,72,91,1,131.05,0.0,2883.1,22
286.94,286.63,286.93,286.42,287.11,1014,98,2.13,192,100,1,136.39,0.05,6996.81,54
285.82,285.82,285.75,284.75,286.78,1022,100,2.39,192,84,4,272.36,0.0,26691.28,98
288.12,287.33,288.15,287.33,288.86,1023,95,4.76,218,100,0,289.22,0.1,16138.48,62
288.0,285.86,287.81,287.49,289.19,1023,87,3.32,190,60,2,174.66,0.0,8907.66,51
280.95,279.73,279.6,278.6,281.22,1034,92,2.21,266,14,3,154.15,0.1,9988.92,72
277.68,277.54,276.14,276.93,280.31,1034,99,1.84,87,1,0,228.8,0.0,8236.8,36
283.86,282.29,283.34,283.69,284.86,1023,90,2.56,165,15,3,181.75,0.0,8542.25,47
285.13,284.51,284.89,282.02,286.22,1022,96,1.36,244,12,0,105.08,0.0,7250.52,69
283.17,282.41,282.71,281.86,283.6,1017,95,2.32,185,65,4,131.23,0.0,2099.68,16
286.79,286.79,286.82,286.42,287.58,1026,100,1.52,186,100,2,243.19,0.1,3064.19,14
285.72,285.72,285.64,284.16,286.0,1025,100,2.19,252,73,2,231.78,0.1,11264.51,54
284.71,284.71,284.53,284.16,285.86,1026,100,1.84,245,100,6,105.42,0.05,6709.98,67
285.39,285.39,285.28,284.71,285.45,1029,100,1.04,271,92,3,144.39,0.1,5198.04,40
282.22,282.22,280.44,280.36,282.89,1026,100,3.18,243,44,0,146.21,0.0,4678.72,32
282.26,282.26,280.46,282.11,283.08,1026,100,3.23,279,100,0,234.38,0.05,11355.71,51
275.64,274.62,274.25,275.27,276.4,1034,93,1.49,111,64,1,103.94,0.05,1876.12,19
277.65,277.22,277.65,275.27,277.67,1031,97,1.24,261,100,6,120.82,0.05,4705.94,41
278.19,278.19,276.38,276.86,278.22,1029,100,2.19,96,96,5,259.98,0.0,16118.76,62
278.68,278.68,278.68,276.86,278.78,1028,100,1.15,249,98,5,135.71,0.1,4763.42,39
278.14,277.26,278.14,277.89,278.86,1034,94,0.43,311,100,1,230.55,0.0,11066.4,48
276.78,275.6,274.4,276.78,277.86,1034,92,2.53,90,100,1,147.64,0.05,5610.32,40
278.99,277.48,277.92,278.08,279.16,1028,90,1.61,128,39,1,119.89,0.0,10909.99,91
275.88,275.31,275.88,275.11,276.42,1028,96,0.78,203,100,3,148.63,0.0,1634.93,11
278.29,278.29,278.29,277.49,279.19,1030,100,1.3,222,84,3,244.45,0.1,19140.43,87
280.36,280.07,280.36,278.86,280.91,1027,98,0.46,5,100,4,271.14,0.1,20986.24,86
278.99,278.99,277.79,276.97,279.34,1033,100,1.72,12,100,4,266.04,0.05,5307.5,21
277.94,277.94,275.12,276.86,278.69,1028,100,3.41,232,100,1,179.44,0.0,8613.12,48
280.12,280.12,278.25,279.86,280.91,1027,100,2.67,278,100,6,233.62,0.0,17521.5,75
278.78,278.19,277.17,278.78,279.19,1024,96,2.08,227,52,0,141.0,0.1,2791.8,22
278.08,276.89,274.22,277.53,279.25,1014,92,5.38,229,99,3,158.63,0.0,8724.65,55
276.55,276.55,272.52,276.0,278.13,1010,100,4.94,249,100,6,279.27,0.0,10053.72,36
276.19,276.19,273.49,275.82,276.97,1009,100,2.77,195,100,2,102.6,0.0,2667.6,26
274.37,274.37,270.41,273.78,275.91,994,100,3.94,287,65,3,117.1,0.1,7271.91,69
273.77,273.77,268.72,273.22,275.36,1002,100,5.53,258,79,3,141.58,0.05,9818.57,73
271.85,270.59,266.95,271.56,273.44,995,90,4.46,254,67,4,105.31,0.05,9704.32,97
273.97,272.99,269.19,273.78,274.71,1015,93,5.12,281,38,0,136.29,0.0,5996.76,44
277.04,274.59,272.01,276.56,278.86,1013,84,7.61,215,100,0,216.61,0.05,16256.58,79
285.47,281.17,284.72,284.8,286.78,1013,75,6.34,199,65,5,184.28,0.1,15258.38,92
283.89,283.89,283.63,283.78,284.25,1013,100,4.02,256,100,5,278.53,0.1,9776.4,39
278.33,278.33,276.11,276.93,279.56,1022,100,2.69,228,47,5,263.49,0.05,20025.24,80
281.07,279.69,276.98,280.67,283.86,1011,91,8.52,252,63,5,168.36,0.05,13275.19,83
277.8,276.61,274.85,277.53,278.13,1030,92,3.56,313,97,2,151.88,0.0,10935.36,72
273.82,272.05,271.64,272.86,274.56,1035,87,1.87,130,71,2,175.94,0.05,6184.29,37
272.71,271.7,269.94,272.53,273.6,1029,92,2.2,198,0,3,218.06,0.0,15046.14,69
273.82,272.86,269.56,271.86,274.56,1021,93,4.19,224,73,1,153.61,0.0,13517.68,88
277.74,277.74,275.48,277.58,279.19,1014,100,2.6,222,70,4,224.83,0.1,9307.96,46
275.64,275.07,272.25,275.45,276.78,1021,96,3.52,244,98,4,181.88,0.1,5074.45,31
274.35,274.35,271.67,273.04,274.8,1028,100,2.38,242,84,5,210.41,0.1,14581.41,77
276.14,276.14,271.49,276.0,276.97,1007,100,6.0,196,100,3,187.23,0.1,4886.7,29
278.77,278.77,275.07,278.22,280.36,1014,100,5.42,258,100,6,158.89,0.05,11622.8,77
278.23,277.94,276.59,277.67,279.8,1001,98,2.02,176,69,1,289.69,0.1,19032.63,73
276.03,276.03,272.1,275.31,276.38,1019,100,4.51,34,100,3,252.72,0.05,6242.18,26
276.17,276.17,272.38,275.31,277.33,1027,100,4.32,42,100,1,128.02,0.1,2419.58,21
273.84,273.84,270.99,273.78,274.71,1031,100,2.46,65,91,1,273.69,0.05,8060.17,31
273.75,273.75,273.75,273.44,274.16,1032,100,1.02,250,87,1,197.49,0.0,5134.74,26
273.23,272.85,270.75,272.53,273.44,1033,97,2.03,109,68,3,278.91,0.05,5034.33,19
272.92,272.43,269.55,271.42,273.69,1024,96,2.81,218,99,5,259.97,0.05,18275.89,74
275.97,274.8,271.77,274.71,276.47,1020,92,4.98,256,99,4,185.04,0.1,5162.62,31
279.12,279.12,274.83,278.78,280.86,1027,100,7.23,247,100,4,104.49,0.05,9827.28,99
280.77,280.77,277.41,280.45,282.33,1028,100,5.88,258,100,5,153.74,0.0,13990.34,91
278.1,278.1,274.87,276.86,279.56,1023,100,4.14,206,97,1,208.33,0.0,12291.47,59
283.92,282.67,283.45,283.08,284.71,1010,92,6.22,217,99,6,226.7,0.1,4692.69,23
276.87,276.29,272.27,276.56,277.58,1009,96,6.35,271,95,0,151.58,0.0,11065.34,73
274.63,274.21,270.01,274.34,276.38,1020,97,5.13,223,100,3,127.87,0.05,6802.68,56
279.54,279.54,275.17,278.64,280.27,1003,100,7.86,222,100,0,266.99,0.0,10145.62,38
274.83,274.83,270.85,274.34,275.91,1005,100,4.12,247,91,5,296.88,0.1,22711.32,85
276.26,276.26,272.31,275.82,277.02,1019,100,4.65,288,67,6,205.14,0.05,8769.73,45
276.24,276.1,273.89,275.86,277.33,1033,99,2.39,210,99,3,134.34,0.1,7375.27,61
277.37,277.37,276.35,276.86,278.13,1038,100,1.4,241,100,5,154.46,0.05,12472.64,85
275.44,275.44,275.44,274.86,275.45,1038,100,0.64,127,100,1,103.68,0.0,1658.88,16
272.89,272.65,270.77,272.89,273.64,1033,98,1.72,239,2,4,282.86,0.1,9673.81,38
273.68,272.87,271.48,270.86,274.56,1029,94,1.87,246,0,0,123.55,0.1,2223.9,20
271.3,271.3,266.75,271.0,272.58,1032,100,3.8,232,100,2,215.3,0.05,8590.47,42
274.59,272.86,268.97,273.6,275.86,1023,88,7.28,226,100,2,154.81,0.1,2089.94,15
